jis_code	url	system_type	crawl_status	exclusion_reason	exclusion_detail
01000	https://www.pref.hokkaido.lg.jp/sm/gms/86018.html	独自	enabled		都道府県（義務） リンク文字『これまでの包括外部監査のテーマと監査結果（令和3』 添付61
01100	https://www.city.sapporo.jp/kansa/f02keka/s093hokatu.html	独自	enabled		政令市（義務） リンク文字『包括外部監査』 添付81
01202	https://www.city.hakodate.hokkaido.jp/docs/2014031700097/	独自	enabled		中核市（義務） リンク文字『包括外部監査』 添付0
01203			unresolved	source_url_unresolved	
01204	https://www.city.asahikawa.hokkaido.jp/700/766/110/p001665.html	独自	enabled		中核市（義務） リンク文字『人事課（コンプライアンス担当）のページ（包括外部』 添付11
01205			unresolved	source_url_unresolved	
01206			unresolved	source_url_unresolved	
01207			unresolved	source_url_unresolved	
01208			unresolved	source_url_unresolved	
01209			unresolved	source_url_unresolved	
01210			unresolved	source_url_unresolved	
01211			unresolved	source_url_unresolved	
01212			unresolved	source_url_unresolved	
01213			unresolved	source_url_unresolved	
01214			unresolved	source_url_unresolved	
01215			unresolved	source_url_unresolved	
01216			unresolved	source_url_unresolved	
01217			unresolved	source_url_unresolved	
01218			unresolved	source_url_unresolved	
01219			unresolved	source_url_unresolved	
01220			unresolved	source_url_unresolved	
01221			unresolved	source_url_unresolved	
01222			unresolved	source_url_unresolved	
01223			unresolved	source_url_unresolved	
01224			unresolved	source_url_unresolved	
01225			unresolved	source_url_unresolved	
01226			unresolved	source_url_unresolved	
01227			unresolved	source_url_unresolved	
01228			unresolved	source_url_unresolved	
01229			unresolved	source_url_unresolved	
01230			unresolved	source_url_unresolved	
01231			unresolved	source_url_unresolved	
01233			unresolved	source_url_unresolved	
01234			unresolved	source_url_unresolved	
01235			unresolved	source_url_unresolved	
01236			unresolved	source_url_unresolved	
01303			unresolved	source_url_unresolved	
01304			unresolved	source_url_unresolved	
01331			unresolved	source_url_unresolved	
01332			unresolved	source_url_unresolved	
01333			unresolved	source_url_unresolved	
01334			unresolved	source_url_unresolved	
01337			unresolved	source_url_unresolved	
01343			unresolved	source_url_unresolved	
01345			unresolved	source_url_unresolved	
01346			unresolved	source_url_unresolved	
01347			unresolved	source_url_unresolved	
01361			unresolved	source_url_unresolved	
01362			unresolved	source_url_unresolved	
01363			unresolved	source_url_unresolved	
01364			unresolved	source_url_unresolved	
01367			unresolved	source_url_unresolved	
01370			unresolved	source_url_unresolved	
01371			unresolved	source_url_unresolved	
01391			unresolved	source_url_unresolved	
01392			unresolved	source_url_unresolved	
01393			unresolved	source_url_unresolved	
01394			unresolved	source_url_unresolved	
01395			unresolved	source_url_unresolved	
01396			unresolved	source_url_unresolved	
01397			unresolved	source_url_unresolved	
01398			unresolved	source_url_unresolved	
01399			unresolved	source_url_unresolved	
01400			unresolved	source_url_unresolved	
01401			unresolved	source_url_unresolved	
01402			unresolved	source_url_unresolved	
01403			unresolved	source_url_unresolved	
01404			unresolved	source_url_unresolved	
01405			unresolved	source_url_unresolved	
01406			unresolved	source_url_unresolved	
01407			unresolved	source_url_unresolved	
01408			unresolved	source_url_unresolved	
01409			unresolved	source_url_unresolved	
01423			unresolved	source_url_unresolved	
01424			unresolved	source_url_unresolved	
01425			unresolved	source_url_unresolved	
01427			unresolved	source_url_unresolved	
01428			unresolved	source_url_unresolved	
01429			unresolved	source_url_unresolved	
01430			unresolved	source_url_unresolved	
01431			unresolved	source_url_unresolved	
01432			unresolved	source_url_unresolved	
01433			unresolved	source_url_unresolved	
01434			unresolved	source_url_unresolved	
01436			unresolved	source_url_unresolved	
01437			unresolved	source_url_unresolved	
01438			unresolved	source_url_unresolved	
01452			unresolved	source_url_unresolved	
01453			unresolved	source_url_unresolved	
01454			unresolved	source_url_unresolved	
01455			unresolved	source_url_unresolved	
01456			unresolved	source_url_unresolved	
01457			unresolved	source_url_unresolved	
01458			unresolved	source_url_unresolved	
01459			unresolved	source_url_unresolved	
01460			unresolved	source_url_unresolved	
01461			unresolved	source_url_unresolved	
01462			unresolved	source_url_unresolved	
01463			unresolved	source_url_unresolved	
01464			unresolved	source_url_unresolved	
01465			unresolved	source_url_unresolved	
01468			unresolved	source_url_unresolved	
01469			unresolved	source_url_unresolved	
01470			unresolved	source_url_unresolved	
01471			unresolved	source_url_unresolved	
01472			unresolved	source_url_unresolved	
01481			unresolved	source_url_unresolved	
01482			unresolved	source_url_unresolved	
01483			unresolved	source_url_unresolved	
01484			unresolved	source_url_unresolved	
01485			unresolved	source_url_unresolved	
01486			unresolved	source_url_unresolved	
01487			unresolved	source_url_unresolved	
01511			unresolved	source_url_unresolved	
01512			unresolved	source_url_unresolved	
01513			unresolved	source_url_unresolved	
01514			unresolved	source_url_unresolved	
01516			unresolved	source_url_unresolved	
01517			unresolved	source_url_unresolved	
01518			unresolved	source_url_unresolved	
01519			unresolved	source_url_unresolved	
01520			unresolved	source_url_unresolved	
01543			unresolved	source_url_unresolved	
01544			unresolved	source_url_unresolved	
01545			unresolved	source_url_unresolved	
01546			unresolved	source_url_unresolved	
01547			unresolved	source_url_unresolved	
01549			unresolved	source_url_unresolved	
01550			unresolved	source_url_unresolved	
01552			unresolved	source_url_unresolved	
01555			unresolved	source_url_unresolved	
01559			unresolved	source_url_unresolved	
01560			unresolved	source_url_unresolved	
01561			unresolved	source_url_unresolved	
01562			unresolved	source_url_unresolved	
01563			unresolved	source_url_unresolved	
01564			unresolved	source_url_unresolved	
01571			unresolved	source_url_unresolved	
01575			unresolved	source_url_unresolved	
01578			unresolved	source_url_unresolved	
01581			unresolved	source_url_unresolved	
01584			unresolved	source_url_unresolved	
01585			unresolved	source_url_unresolved	
01586			unresolved	source_url_unresolved	
01601			unresolved	source_url_unresolved	
01602			unresolved	source_url_unresolved	
01604			unresolved	source_url_unresolved	
01607			unresolved	source_url_unresolved	
01608			unresolved	source_url_unresolved	
01609			unresolved	source_url_unresolved	
01610			unresolved	source_url_unresolved	
01631			unresolved	source_url_unresolved	
01632			unresolved	source_url_unresolved	
01633			unresolved	source_url_unresolved	
01634			unresolved	source_url_unresolved	
01635			unresolved	source_url_unresolved	
01636			unresolved	source_url_unresolved	
01637			unresolved	source_url_unresolved	
01638			unresolved	source_url_unresolved	
01639			unresolved	source_url_unresolved	
01641			unresolved	source_url_unresolved	
01642			unresolved	source_url_unresolved	
01643			unresolved	source_url_unresolved	
01644			unresolved	source_url_unresolved	
01645			unresolved	source_url_unresolved	
01646			unresolved	source_url_unresolved	
01647			unresolved	source_url_unresolved	
01648			unresolved	source_url_unresolved	
01649			unresolved	source_url_unresolved	
01661			unresolved	source_url_unresolved	
01662			unresolved	source_url_unresolved	
01663			unresolved	source_url_unresolved	
01664			unresolved	source_url_unresolved	
01665			unresolved	source_url_unresolved	
01667			unresolved	source_url_unresolved	
01668			unresolved	source_url_unresolved	
01691			unresolved	source_url_unresolved	
01692			unresolved	source_url_unresolved	
01693			unresolved	source_url_unresolved	
01694			unresolved	source_url_unresolved	
01695			unresolved	source_url_unresolved	
01696			unresolved	source_url_unresolved	
01697			unresolved	source_url_unresolved	
01698			unresolved	source_url_unresolved	
01699			unresolved	source_url_unresolved	
01700			unresolved	source_url_unresolved	
02000	https://www.pref.aomori.lg.jp/soshiki/kansa/soshiki.html	独自	review_required	needs_confirmation	都道府県（義務） 本文に『包括外部監査』 添付0 入口かどうか要確認
02201	https://www.city.aomori.aomori.jp/shisei/seido/1006735/1006780.html	独自	review_required	needs_confirmation	中核市（義務） 本文に『包括外部監査』 添付0 入口かどうか要確認
02202			unresolved	source_url_unresolved	
02203	https://www.city.hachinohe.aomori.jp/soshikikarasagasu/kansaiinjimukyoku/4676.html	独自	review_required	needs_confirmation	中核市（義務） 本文に『包括外部監査』 添付21 入口かどうか要確認
02204			unresolved	source_url_unresolved	
02205			unresolved	source_url_unresolved	
02206			unresolved	source_url_unresolved	
02207			unresolved	source_url_unresolved	
02208			unresolved	source_url_unresolved	
02209			unresolved	source_url_unresolved	
02210			unresolved	source_url_unresolved	
02301			unresolved	source_url_unresolved	
02303			unresolved	source_url_unresolved	
02304			unresolved	source_url_unresolved	
02307			unresolved	source_url_unresolved	
02321			unresolved	source_url_unresolved	
02323			unresolved	source_url_unresolved	
02343			unresolved	source_url_unresolved	
02361			unresolved	source_url_unresolved	
02362			unresolved	source_url_unresolved	
02367			unresolved	source_url_unresolved	
02381			unresolved	source_url_unresolved	
02384			unresolved	source_url_unresolved	
02387			unresolved	source_url_unresolved	
02401			unresolved	source_url_unresolved	
02402			unresolved	source_url_unresolved	
02405			unresolved	source_url_unresolved	
02406			unresolved	source_url_unresolved	
02408			unresolved	source_url_unresolved	
02411			unresolved	source_url_unresolved	
02412			unresolved	source_url_unresolved	
02423			unresolved	source_url_unresolved	
02424			unresolved	source_url_unresolved	
02425			unresolved	source_url_unresolved	
02426			unresolved	source_url_unresolved	
02441			unresolved	source_url_unresolved	
02442			unresolved	source_url_unresolved	
02443			unresolved	source_url_unresolved	
02445			unresolved	source_url_unresolved	
02446			unresolved	source_url_unresolved	
02450			unresolved	source_url_unresolved	
03000	https://www.pref.iwate.jp/kensei/gyoseikeiei/houkatsugaibukansa/index.html	独自	enabled		都道府県（義務） リンク文字『包括外部監査』 添付0
03201	https://www.city.morioka.iwate.jp/shisei/kansa/gaibu/1055673.html	独自	enabled		中核市（義務） リンク文字『包括外部監査の結果（令和7年度）』 添付2
03202			unresolved	source_url_unresolved	
03203			unresolved	source_url_unresolved	
03205			unresolved	source_url_unresolved	
03206			unresolved	source_url_unresolved	
03207			unresolved	source_url_unresolved	
03208			unresolved	source_url_unresolved	
03209			unresolved	source_url_unresolved	
03210			unresolved	source_url_unresolved	
03211			unresolved	source_url_unresolved	
03213			unresolved	source_url_unresolved	
03214			unresolved	source_url_unresolved	
03215			unresolved	source_url_unresolved	
03216			unresolved	source_url_unresolved	
03301			unresolved	source_url_unresolved	
03302			unresolved	source_url_unresolved	
03303			unresolved	source_url_unresolved	
03321			unresolved	source_url_unresolved	
03322			unresolved	source_url_unresolved	
03366			unresolved	source_url_unresolved	
03381			unresolved	source_url_unresolved	
03402			unresolved	source_url_unresolved	
03441			unresolved	source_url_unresolved	
03461			unresolved	source_url_unresolved	
03482			unresolved	source_url_unresolved	
03483			unresolved	source_url_unresolved	
03484			unresolved	source_url_unresolved	
03485			unresolved	source_url_unresolved	
03501			unresolved	source_url_unresolved	
03503			unresolved	source_url_unresolved	
03506			unresolved	source_url_unresolved	
03507			unresolved	source_url_unresolved	
03524			unresolved	source_url_unresolved	
04000	https://www.pref.miyagi.jp:443/soshiki/gyokei/gaibukansatosoti.html	独自	enabled		都道府県（義務） リンク文字『包括外部監査結果及び監査結果に基づく措置状況につ』 添付17
04100	https://www.city.sendai.jp/kansa-somu/shise/reki/kansa/gaibukansa/kekka6_r0701.html	独自	enabled		政令市（義務） 題名『令和7年度包括外部監査結果報告書「スポーツ振興に』 添付2
04202			unresolved	source_url_unresolved	
04203			unresolved	source_url_unresolved	
04205			unresolved	source_url_unresolved	
04206			unresolved	source_url_unresolved	
04207			unresolved	source_url_unresolved	
04208			unresolved	source_url_unresolved	
04209			unresolved	source_url_unresolved	
04211			unresolved	source_url_unresolved	
04212			unresolved	source_url_unresolved	
04213			unresolved	source_url_unresolved	
04214			unresolved	source_url_unresolved	
04215			unresolved	source_url_unresolved	
04216			unresolved	source_url_unresolved	
04301			unresolved	source_url_unresolved	
04302			unresolved	source_url_unresolved	
04321			unresolved	source_url_unresolved	
04322			unresolved	source_url_unresolved	
04323			unresolved	source_url_unresolved	
04324			unresolved	source_url_unresolved	
04341			unresolved	source_url_unresolved	
04361			unresolved	source_url_unresolved	
04362			unresolved	source_url_unresolved	
04401			unresolved	source_url_unresolved	
04404			unresolved	source_url_unresolved	
04406			unresolved	source_url_unresolved	
04421			unresolved	source_url_unresolved	
04422			unresolved	source_url_unresolved	
04424			unresolved	source_url_unresolved	
04444			unresolved	source_url_unresolved	
04445			unresolved	source_url_unresolved	
04501			unresolved	source_url_unresolved	
04505			unresolved	source_url_unresolved	
04581			unresolved	source_url_unresolved	
04606			unresolved	source_url_unresolved	
05000	https://www.pref.akita.lg.jp/pages/archive/68	独自	enabled		都道府県（義務） リンク文字『包括外部監査と個別外部監査』 添付0
05201	https://www.city.akita.lg.jp/shisei/kansa/1009724/1012590/1011723/1009716/1049784.html	独自	enabled		中核市（義務） リンク文字『令和8年2月6日 令和7年度包括外部監査の結果報』 添付2
05202			unresolved	source_url_unresolved	
05203			unresolved	source_url_unresolved	
05204			unresolved	source_url_unresolved	
05206			unresolved	source_url_unresolved	
05207			unresolved	source_url_unresolved	
05209			unresolved	source_url_unresolved	
05210			unresolved	source_url_unresolved	
05211			unresolved	source_url_unresolved	
05212			unresolved	source_url_unresolved	
05213			unresolved	source_url_unresolved	
05214			unresolved	source_url_unresolved	
05215			unresolved	source_url_unresolved	
05303			unresolved	source_url_unresolved	
05327			unresolved	source_url_unresolved	
05346			unresolved	source_url_unresolved	
05348			unresolved	source_url_unresolved	
05349			unresolved	source_url_unresolved	
05361			unresolved	source_url_unresolved	
05363			unresolved	source_url_unresolved	
05366			unresolved	source_url_unresolved	
05368			unresolved	source_url_unresolved	
05434			unresolved	source_url_unresolved	
05463			unresolved	source_url_unresolved	
05464			unresolved	source_url_unresolved	
06000	https://www.pref.yamagata.jp/020011/kensei/kaikaku/gyouzaiseikaikaku/audit_result.html	独自	enabled		都道府県（義務） 題名『9 包括外部監査の結果報告 | 山形県』 添付118
06201	https://www.city.yamagata-yamagata.lg.jp/shiseijoho/kansa/1007122/1002418.html	独自	enabled		中核市（義務） リンク文字『包括外部監査』 添付31
06202			unresolved	source_url_unresolved	
06203			unresolved	source_url_unresolved	
06204			unresolved	source_url_unresolved	
06205			unresolved	source_url_unresolved	
06206			unresolved	source_url_unresolved	
06207			unresolved	source_url_unresolved	
06208			unresolved	source_url_unresolved	
06209			unresolved	source_url_unresolved	
06210			unresolved	source_url_unresolved	
06211			unresolved	source_url_unresolved	
06212			unresolved	source_url_unresolved	
06213			unresolved	source_url_unresolved	
06301			unresolved	source_url_unresolved	
06302			unresolved	source_url_unresolved	
06321			unresolved	source_url_unresolved	
06322			unresolved	source_url_unresolved	
06323			unresolved	source_url_unresolved	
06324			unresolved	source_url_unresolved	
06341			unresolved	source_url_unresolved	
06361			unresolved	source_url_unresolved	
06362			unresolved	source_url_unresolved	
06363			unresolved	source_url_unresolved	
06364			unresolved	source_url_unresolved	
06365			unresolved	source_url_unresolved	
06366			unresolved	source_url_unresolved	
06367			unresolved	source_url_unresolved	
06381			unresolved	source_url_unresolved	
06382			unresolved	source_url_unresolved	
06401			unresolved	source_url_unresolved	
06402			unresolved	source_url_unresolved	
06403			unresolved	source_url_unresolved	
06426			unresolved	source_url_unresolved	
06428			unresolved	source_url_unresolved	
06461			unresolved	source_url_unresolved	
07000	https://www.pref.fukushima.lg.jp/sec/63010a/houkatsugaibu.html	独自	enabled		都道府県（義務） リンク文字『包括外部監査の結果』 添付41
07201	https://www.city.fukushima.fukushima.jp/shisei/kansa/10874.html	独自	review_required	needs_confirmation	中核市（義務） 本文に『包括外部監査』 添付0 入口かどうか要確認
07202			unresolved	source_url_unresolved	
07203	https://www.city.koriyama.lg.jp/soshiki/216/2565.html	独自	enabled		中核市（義務） リンク文字『包括外部監査の結果及び措置状況』 添付21
07204	https://www.city.iwaki.lg.jp/www/contents/1701908013047/index.html	独自	enabled		中核市（義務） リンク文字『包括外部監査の結果及び措置状況』 添付76
07205			unresolved	source_url_unresolved	
07207			unresolved	source_url_unresolved	
07208			unresolved	source_url_unresolved	
07209			unresolved	source_url_unresolved	
07210			unresolved	source_url_unresolved	
07211			unresolved	source_url_unresolved	
07212			unresolved	source_url_unresolved	
07213			unresolved	source_url_unresolved	
07214			unresolved	source_url_unresolved	
07301			unresolved	source_url_unresolved	
07303			unresolved	source_url_unresolved	
07308			unresolved	source_url_unresolved	
07322			unresolved	source_url_unresolved	
07342			unresolved	source_url_unresolved	
07344			unresolved	source_url_unresolved	
07362			unresolved	source_url_unresolved	
07364			unresolved	source_url_unresolved	
07367			unresolved	source_url_unresolved	
07368			unresolved	source_url_unresolved	
07402			unresolved	source_url_unresolved	
07405			unresolved	source_url_unresolved	
07407			unresolved	source_url_unresolved	
07408			unresolved	source_url_unresolved	
07421			unresolved	source_url_unresolved	
07422			unresolved	source_url_unresolved	
07423			unresolved	source_url_unresolved	
07444			unresolved	source_url_unresolved	
07445			unresolved	source_url_unresolved	
07446			unresolved	source_url_unresolved	
07447			unresolved	source_url_unresolved	
07461			unresolved	source_url_unresolved	
07464			unresolved	source_url_unresolved	
07465			unresolved	source_url_unresolved	
07466			unresolved	source_url_unresolved	
07481			unresolved	source_url_unresolved	
07482			unresolved	source_url_unresolved	
07483			unresolved	source_url_unresolved	
07484			unresolved	source_url_unresolved	
07501			unresolved	source_url_unresolved	
07502			unresolved	source_url_unresolved	
07503			unresolved	source_url_unresolved	
07504			unresolved	source_url_unresolved	
07505			unresolved	source_url_unresolved	
07521			unresolved	source_url_unresolved	
07522			unresolved	source_url_unresolved	
07541			unresolved	source_url_unresolved	
07542			unresolved	source_url_unresolved	
07543			unresolved	source_url_unresolved	
07544			unresolved	source_url_unresolved	
07545			unresolved	source_url_unresolved	
07546			unresolved	source_url_unresolved	
07547			unresolved	source_url_unresolved	
07548			unresolved	source_url_unresolved	
07561			unresolved	source_url_unresolved	
07564			unresolved	source_url_unresolved	
08000	https://www.pref.ibaraki.jp/kansa/kanichikikaku/oshirase.html	独自	enabled		都道府県（義務） リンク文字『包括外部監査に対する措置状況（令和2、6、7年度』 添付344
08201	https://www.city.mito.lg.jp/life/6/38/181/	独自	review_required	needs_confirmation	中核市（義務） 本文に『包括外部監査』 添付0 入口かどうか要確認
08202			unresolved	source_url_unresolved	
08203			unresolved	source_url_unresolved	
08204			unresolved	source_url_unresolved	
08205			unresolved	source_url_unresolved	
08207			unresolved	source_url_unresolved	
08208			unresolved	source_url_unresolved	
08210			unresolved	source_url_unresolved	
08211			unresolved	source_url_unresolved	
08212			unresolved	source_url_unresolved	
08214			unresolved	source_url_unresolved	
08215			unresolved	source_url_unresolved	
08216			unresolved	source_url_unresolved	
08217			unresolved	source_url_unresolved	
08219			unresolved	source_url_unresolved	
08220			unresolved	source_url_unresolved	
08221			unresolved	source_url_unresolved	
08222			unresolved	source_url_unresolved	
08223			unresolved	source_url_unresolved	
08224			unresolved	source_url_unresolved	
08225			unresolved	source_url_unresolved	
08226			unresolved	source_url_unresolved	
08227			unresolved	source_url_unresolved	
08228			unresolved	source_url_unresolved	
08229			unresolved	source_url_unresolved	
08230			unresolved	source_url_unresolved	
08231			unresolved	source_url_unresolved	
08232			unresolved	source_url_unresolved	
08233			unresolved	source_url_unresolved	
08234			unresolved	source_url_unresolved	
08235			unresolved	source_url_unresolved	
08236			unresolved	source_url_unresolved	
08302			unresolved	source_url_unresolved	
08309			unresolved	source_url_unresolved	
08310			unresolved	source_url_unresolved	
08341			unresolved	source_url_unresolved	
08364			unresolved	source_url_unresolved	
08442			unresolved	source_url_unresolved	
08443			unresolved	source_url_unresolved	
08447			unresolved	source_url_unresolved	
08521			unresolved	source_url_unresolved	
08542			unresolved	source_url_unresolved	
08546			unresolved	source_url_unresolved	
08564			unresolved	source_url_unresolved	
09000	https://www.pref.tochigi.lg.jp/k03/pref/kihon/kansa/kansa1090gaibu.html	独自	enabled		都道府県（義務） リンク文字『包括外部監査結果に基づく措置状況（令和5(202』 添付25
09201	https://www.city.utsunomiya.lg.jp/shisei/johokokai/kansa/1010650.html	独自	enabled		中核市（義務） リンク文字『包括外部監査』 添付7
09202			unresolved	source_url_unresolved	
09203			unresolved	source_url_unresolved	
09204			unresolved	source_url_unresolved	
09205			unresolved	source_url_unresolved	
09206			unresolved	source_url_unresolved	
09208			unresolved	source_url_unresolved	
09209			unresolved	source_url_unresolved	
09210			unresolved	source_url_unresolved	
09211			unresolved	source_url_unresolved	
09213			unresolved	source_url_unresolved	
09214			unresolved	source_url_unresolved	
09215			unresolved	source_url_unresolved	
09216			unresolved	source_url_unresolved	
09301			unresolved	source_url_unresolved	
09342			unresolved	source_url_unresolved	
09343			unresolved	source_url_unresolved	
09344			unresolved	source_url_unresolved	
09345			unresolved	source_url_unresolved	
09361			unresolved	source_url_unresolved	
09364			unresolved	source_url_unresolved	
09384			unresolved	source_url_unresolved	
09386			unresolved	source_url_unresolved	
09407			unresolved	source_url_unresolved	
09411			unresolved	source_url_unresolved	
10000	https://www.pref.gunma.jp/soshiki/10/	独自	enabled		都道府県（義務） リンク文字『包括外部監査のことなら総務課』 添付0
10201	https://www.city.maebashi.gunma.jp/soshiki/kansa/gyomu/1/1/3/index.html	独自	enabled		中核市（義務） リンク文字『包括外部監査』 添付0
10202	https://www.city.takasaki.gunma.jp/page/6341.html	独自	enabled		中核市（義務） リンク文字『包括外部監査』 添付16
10203			unresolved	source_url_unresolved	
10204			unresolved	source_url_unresolved	
10205			unresolved	source_url_unresolved	
10206			unresolved	source_url_unresolved	
10207			unresolved	source_url_unresolved	
10208			unresolved	source_url_unresolved	
10209			unresolved	source_url_unresolved	
10210			unresolved	source_url_unresolved	
10211			unresolved	source_url_unresolved	
10212			unresolved	source_url_unresolved	
10344			unresolved	source_url_unresolved	
10345			unresolved	source_url_unresolved	
10366			unresolved	source_url_unresolved	
10367			unresolved	source_url_unresolved	
10382			unresolved	source_url_unresolved	
10383			unresolved	source_url_unresolved	
10384			unresolved	source_url_unresolved	
10421			unresolved	source_url_unresolved	
10424			unresolved	source_url_unresolved	
10425			unresolved	source_url_unresolved	
10426			unresolved	source_url_unresolved	
10428			unresolved	source_url_unresolved	
10429			unresolved	source_url_unresolved	
10443			unresolved	source_url_unresolved	
10444			unresolved	source_url_unresolved	
10448			unresolved	source_url_unresolved	
10449			unresolved	source_url_unresolved	
10464			unresolved	source_url_unresolved	
10521			unresolved	source_url_unresolved	
10522			unresolved	source_url_unresolved	
10523			unresolved	source_url_unresolved	
10524			unresolved	source_url_unresolved	
10525			unresolved	source_url_unresolved	
11000	https://www.pref.saitama.lg.jp/e1801/r7-houkatugaibu-kekka.html	独自	enabled		都道府県（義務） リンク文字『令和7年度包括外部監査結果』 添付2
11100	https://www.city.saitama.lg.jp/006/007/010/002/002/index.html	独自	enabled		任意 手で確認: 題名『さいたま市／包括外部監査の結果』 添付0
11201	https://www.city.kawagoe.saitama.jp/shisei/kansa/1011171/1020367.html	独自	enabled		中核市（義務） リンク文字『令和7年度 包括外部監査の結果報告書・措置状況』 添付3
11202			unresolved	source_url_unresolved	
11203	https://www.city.kawaguchi.lg.jp/soshiki/06030/010/houkatsugaibukansakekka/index.html	独自	enabled		中核市（義務） リンク文字『包括外部監査結果』 添付0
11206			unresolved	source_url_unresolved	
11207			unresolved	source_url_unresolved	
11208			unresolved	source_url_unresolved	
11209			unresolved	source_url_unresolved	
11210			unresolved	source_url_unresolved	
11211			unresolved	source_url_unresolved	
11212			unresolved	source_url_unresolved	
11214			unresolved	source_url_unresolved	
11215			unresolved	source_url_unresolved	
11216			unresolved	source_url_unresolved	
11217			unresolved	source_url_unresolved	
11218			unresolved	source_url_unresolved	
11219			unresolved	source_url_unresolved	
11221			unresolved	source_url_unresolved	
11222	https://www.city.koshigaya.saitama.jp/kurashi_shisei/shisei/kansakoheiiinkai/gaibu/R7houkatugaibukansakekka.html	独自	enabled		中核市（義務） リンク文字『包括外部監査(令和7年度)』 添付2
11223			unresolved	source_url_unresolved	
11224			unresolved	source_url_unresolved	
11225			unresolved	source_url_unresolved	
11227			unresolved	source_url_unresolved	
11228			unresolved	source_url_unresolved	
11229			unresolved	source_url_unresolved	
11230			unresolved	source_url_unresolved	
11231			unresolved	source_url_unresolved	
11232			unresolved	source_url_unresolved	
11233			unresolved	source_url_unresolved	
11234			unresolved	source_url_unresolved	
11235			unresolved	source_url_unresolved	
11237			unresolved	source_url_unresolved	
11238			unresolved	source_url_unresolved	
11239			unresolved	source_url_unresolved	
11240			unresolved	source_url_unresolved	
11241			unresolved	source_url_unresolved	
11242			unresolved	source_url_unresolved	
11243			unresolved	source_url_unresolved	
11245			unresolved	source_url_unresolved	
11246			unresolved	source_url_unresolved	
11301			unresolved	source_url_unresolved	
11324			unresolved	source_url_unresolved	
11326			unresolved	source_url_unresolved	
11327			unresolved	source_url_unresolved	
11341			unresolved	source_url_unresolved	
11342			unresolved	source_url_unresolved	
11343			unresolved	source_url_unresolved	
11346			unresolved	source_url_unresolved	
11347			unresolved	source_url_unresolved	
11348			unresolved	source_url_unresolved	
11349			unresolved	source_url_unresolved	
11361			unresolved	source_url_unresolved	
11362			unresolved	source_url_unresolved	
11363			unresolved	source_url_unresolved	
11365			unresolved	source_url_unresolved	
11369			unresolved	source_url_unresolved	
11381			unresolved	source_url_unresolved	
11383			unresolved	source_url_unresolved	
11385			unresolved	source_url_unresolved	
11408			unresolved	source_url_unresolved	
11442			unresolved	source_url_unresolved	
11464			unresolved	source_url_unresolved	
11465			unresolved	source_url_unresolved	
12000	https://www.pref.chiba.lg.jp/kansa/chousei/gaibu/kansanin.html	独自	enabled		都道府県（義務） リンク文字『包括外部監査人・包括外部監査のテーマを見る』 添付0
12100	https://www.city.chiba.jp/somu/joho/kaikaku/houkatugaibukansa.html	独自	enabled		政令市（義務） リンク文字『包括外部監査の報告書・措置状況』 添付59
12202			unresolved	source_url_unresolved	
12203			unresolved	source_url_unresolved	
12204	https://www.city.funabashi.lg.jp/shisei/kansa/003/p0097602.html	独自	enabled		中核市（義務） リンク文字『包括外部監査』 添付17
12205			unresolved	source_url_unresolved	
12206			unresolved	source_url_unresolved	
12207			unresolved	source_url_unresolved	
12208			unresolved	source_url_unresolved	
12210			unresolved	source_url_unresolved	
12211			unresolved	source_url_unresolved	
12212			unresolved	source_url_unresolved	
12213			unresolved	source_url_unresolved	
12215			unresolved	source_url_unresolved	
12216			unresolved	source_url_unresolved	
12217	https://www.city.kashiwa.lg.jp/somukanzai/shiseijoho/inspection/4761/index.html	独自	review_required	needs_confirmation	中核市（義務） 本文に『包括外部監査』 添付0 入口かどうか要確認
12218			unresolved	source_url_unresolved	
12219			unresolved	source_url_unresolved	
12220			unresolved	source_url_unresolved	
12221			unresolved	source_url_unresolved	
12222			unresolved	source_url_unresolved	
12223			unresolved	source_url_unresolved	
12224			unresolved	source_url_unresolved	
12225			unresolved	source_url_unresolved	
12226			unresolved	source_url_unresolved	
12227			unresolved	source_url_unresolved	
12228			unresolved	source_url_unresolved	
12229			unresolved	source_url_unresolved	
12230			unresolved	source_url_unresolved	
12231			unresolved	source_url_unresolved	
12232			unresolved	source_url_unresolved	
12233			unresolved	source_url_unresolved	
12234			unresolved	source_url_unresolved	
12235			unresolved	source_url_unresolved	
12236			unresolved	source_url_unresolved	
12237			unresolved	source_url_unresolved	
12238			unresolved	source_url_unresolved	
12239			unresolved	source_url_unresolved	
12322			unresolved	source_url_unresolved	
12329			unresolved	source_url_unresolved	
12342			unresolved	source_url_unresolved	
12347			unresolved	source_url_unresolved	
12349			unresolved	source_url_unresolved	
12403			unresolved	source_url_unresolved	
12409			unresolved	source_url_unresolved	
12410			unresolved	source_url_unresolved	
12421			unresolved	source_url_unresolved	
12422			unresolved	source_url_unresolved	
12423			unresolved	source_url_unresolved	
12424			unresolved	source_url_unresolved	
12426			unresolved	source_url_unresolved	
12427			unresolved	source_url_unresolved	
12441			unresolved	source_url_unresolved	
12443			unresolved	source_url_unresolved	
12463			unresolved	source_url_unresolved	
13000	https://www.kansa.metro.tokyo.lg.jp/houkatsugaibu	独自	enabled		都道府県（義務） リンク文字『包括外部監査』 添付0
13101			unresolved	source_url_unresolved	
13102			unresolved	source_url_unresolved	
13103			unresolved	source_url_unresolved	
13104			unresolved	source_url_unresolved	
13105			unresolved	source_url_unresolved	
13106			unresolved	source_url_unresolved	
13107			unresolved	source_url_unresolved	
13108			unresolved	source_url_unresolved	
13109			unresolved	source_url_unresolved	
13110			unresolved	source_url_unresolved	
13111			unresolved	source_url_unresolved	
13112			unresolved	source_url_unresolved	
13113			unresolved	source_url_unresolved	
13114			unresolved	source_url_unresolved	
13115			unresolved	source_url_unresolved	
13116			unresolved	source_url_unresolved	
13117			unresolved	source_url_unresolved	
13118			unresolved	source_url_unresolved	
13119			unresolved	source_url_unresolved	
13120			unresolved	source_url_unresolved	
13121			unresolved	source_url_unresolved	
13122			unresolved	source_url_unresolved	
13123			unresolved	source_url_unresolved	
13201	https://www.city.hachioji.tokyo.jp/shisei/001/010/004/003/index.html	独自	enabled		中核市（義務） リンク文字『包括外部監査の結果と措置状況』 添付0
13202			unresolved	source_url_unresolved	
13203			unresolved	source_url_unresolved	
13204			unresolved	source_url_unresolved	
13205			unresolved	source_url_unresolved	
13206			unresolved	source_url_unresolved	
13207			unresolved	source_url_unresolved	
13208			unresolved	source_url_unresolved	
13209			unresolved	source_url_unresolved	
13210			unresolved	source_url_unresolved	
13211			unresolved	source_url_unresolved	
13212			unresolved	source_url_unresolved	
13213			unresolved	source_url_unresolved	
13214			unresolved	source_url_unresolved	
13215			unresolved	source_url_unresolved	
13218			unresolved	source_url_unresolved	
13219			unresolved	source_url_unresolved	
13220			unresolved	source_url_unresolved	
13221			unresolved	source_url_unresolved	
13222			unresolved	source_url_unresolved	
13223			unresolved	source_url_unresolved	
13224			unresolved	source_url_unresolved	
13225			unresolved	source_url_unresolved	
13227			unresolved	source_url_unresolved	
13228			unresolved	source_url_unresolved	
13229			unresolved	source_url_unresolved	
13303			unresolved	source_url_unresolved	
13305			unresolved	source_url_unresolved	
13307			unresolved	source_url_unresolved	
13308			unresolved	source_url_unresolved	
13361			unresolved	source_url_unresolved	
13362			unresolved	source_url_unresolved	
13363			unresolved	source_url_unresolved	
13364			unresolved	source_url_unresolved	
13381			unresolved	source_url_unresolved	
13382			unresolved	source_url_unresolved	
13401			unresolved	source_url_unresolved	
13402			unresolved	source_url_unresolved	
13421			unresolved	source_url_unresolved	
14000	https://www.pref.kanagawa.jp/docs/bd4/cnt/f6643/index.html	独自	enabled		任意 手で確認: 題名『包括外部監査の結果について - 神奈川県ホームペ』 添付2
14100	https://www.city.yokohama.lg.jp/city-info/gyosei-kansa/kansa/kekka/kekka-gai.html	独自	enabled		政令市（義務） リンク文字『包括外部監査結果のページ』 添付70
14130	https://www.city.kawasaki.jp/920/page/0000018833.html	独自	enabled		政令市（義務） リンク文字『包括外部監査[2026年2月13日]』 添付82
14150	https://www.city.sagamihara.kanagawa.jp/shisei/1026896/kansa/jimukyoku_gaibu/index.html	独自	enabled		政令市（義務） リンク文字『包括外部監査』 添付0
14201	https://www.city.yokosuka.kanagawa.jp/8810/kansa/syurui.html	独自	enabled		中核市（義務） リンク文字『包括外部監査』 添付0
14203			unresolved	source_url_unresolved	
14204			unresolved	source_url_unresolved	
14205			unresolved	source_url_unresolved	
14206			unresolved	source_url_unresolved	
14207			unresolved	source_url_unresolved	
14208			unresolved	source_url_unresolved	
14210			unresolved	source_url_unresolved	
14211			unresolved	source_url_unresolved	
14212			unresolved	source_url_unresolved	
14213			unresolved	source_url_unresolved	
14214			unresolved	source_url_unresolved	
14215			unresolved	source_url_unresolved	
14216			unresolved	source_url_unresolved	
14217			unresolved	source_url_unresolved	
14218			unresolved	source_url_unresolved	
14301			unresolved	source_url_unresolved	
14321			unresolved	source_url_unresolved	
14341			unresolved	source_url_unresolved	
14342			unresolved	source_url_unresolved	
14361			unresolved	source_url_unresolved	
14362			unresolved	source_url_unresolved	
14363			unresolved	source_url_unresolved	
14364			unresolved	source_url_unresolved	
14366			unresolved	source_url_unresolved	
14382			unresolved	source_url_unresolved	
14383			unresolved	source_url_unresolved	
14384			unresolved	source_url_unresolved	
14401			unresolved	source_url_unresolved	
14402			unresolved	source_url_unresolved	
15000	https://www.pref.niigata.lg.jp/sec/kansa/1356757108638.html	独自	enabled		都道府県（義務） リンク文字『包括外部監査結果等はこちら』 添付0
15100	https://www.city.niigata.lg.jp/shisei/soshiki/soshikiinfo/kansaiin.html	独自	review_required	needs_confirmation	政令市（義務） 本文に『包括外部監査』 添付1 入口かどうか要確認
15202			unresolved	source_url_unresolved	
15204			unresolved	source_url_unresolved	
15205			unresolved	source_url_unresolved	
15206			unresolved	source_url_unresolved	
15208			unresolved	source_url_unresolved	
15209			unresolved	source_url_unresolved	
15210			unresolved	source_url_unresolved	
15211			unresolved	source_url_unresolved	
15212			unresolved	source_url_unresolved	
15213			unresolved	source_url_unresolved	
15216			unresolved	source_url_unresolved	
15217			unresolved	source_url_unresolved	
15218			unresolved	source_url_unresolved	
15222			unresolved	source_url_unresolved	
15223			unresolved	source_url_unresolved	
15224			unresolved	source_url_unresolved	
15225			unresolved	source_url_unresolved	
15226			unresolved	source_url_unresolved	
15227			unresolved	source_url_unresolved	
15307			unresolved	source_url_unresolved	
15342			unresolved	source_url_unresolved	
15361			unresolved	source_url_unresolved	
15385			unresolved	source_url_unresolved	
15405			unresolved	source_url_unresolved	
15461			unresolved	source_url_unresolved	
15482			unresolved	source_url_unresolved	
15504			unresolved	source_url_unresolved	
15581			unresolved	source_url_unresolved	
15586			unresolved	source_url_unresolved	
16000	https://www.pref.toyama.jp/200/kensei/kenseiunei/zaisei/kj00001626.html	独自	enabled		都道府県（義務） リンク文字『現包括外部監査人』 添付0
16201	https://www.city.toyama.lg.jp/shisei/kansa/1011021/1007226.html	独自	review_required	needs_confirmation	任意 手で確認: 本文に『包括外部監査』 添付6 入口かどうか要確認
16202			unresolved	source_url_unresolved	
16204			unresolved	source_url_unresolved	
16205			unresolved	source_url_unresolved	
16206			unresolved	source_url_unresolved	
16207			unresolved	source_url_unresolved	
16208			unresolved	source_url_unresolved	
16209			unresolved	source_url_unresolved	
16210			unresolved	source_url_unresolved	
16211			unresolved	source_url_unresolved	
16321			unresolved	source_url_unresolved	
16322			unresolved	source_url_unresolved	
16323			unresolved	source_url_unresolved	
16342			unresolved	source_url_unresolved	
16343			unresolved	source_url_unresolved	
17000	https://www.pref.ishikawa.lg.jp/soumu/gaibukansa/index.html	独自	enabled		都道府県（義務） リンク文字『包括外部監査について』 添付11
17201	https://www4.city.kanazawa.lg.jp/shiseijoho/kansa/kansaseido/10362.html	独自	review_required	needs_confirmation	中核市（義務） 本文に『包括外部監査』 添付0 入口かどうか要確認
17202			unresolved	source_url_unresolved	
17203			unresolved	source_url_unresolved	
17204			unresolved	source_url_unresolved	
17205			unresolved	source_url_unresolved	
17206			unresolved	source_url_unresolved	
17207			unresolved	source_url_unresolved	
17209			unresolved	source_url_unresolved	
17210			unresolved	source_url_unresolved	
17211			unresolved	source_url_unresolved	
17212			unresolved	source_url_unresolved	
17324			unresolved	source_url_unresolved	
17361			unresolved	source_url_unresolved	
17365			unresolved	source_url_unresolved	
17384			unresolved	source_url_unresolved	
17386			unresolved	source_url_unresolved	
17407			unresolved	source_url_unresolved	
17461			unresolved	source_url_unresolved	
17463			unresolved	source_url_unresolved	
18000	https://www.pref.fukui.lg.jp/doc/kansaiinjimukyoku/gaibukansa/sub10.html	独自	enabled		都道府県（義務） 題名『包括外部監査（報告の公表、措置の公表） | 福井』 添付34
18201	https://www.city.fukui.lg.jp/sisei/kansa/seido/p021826.html	独自	review_required	needs_confirmation	中核市（義務） 本文に『包括外部監査』 添付14 入口かどうか要確認
18202			unresolved	source_url_unresolved	
18204			unresolved	source_url_unresolved	
18205			unresolved	source_url_unresolved	
18206			unresolved	source_url_unresolved	
18207			unresolved	source_url_unresolved	
18208			unresolved	source_url_unresolved	
18209			unresolved	source_url_unresolved	
18210			unresolved	source_url_unresolved	
18322			unresolved	source_url_unresolved	
18382			unresolved	source_url_unresolved	
18404			unresolved	source_url_unresolved	
18423			unresolved	source_url_unresolved	
18442			unresolved	source_url_unresolved	
18481			unresolved	source_url_unresolved	
18483			unresolved	source_url_unresolved	
18501			unresolved	source_url_unresolved	
19000	https://www.pref.yamanashi.jp/kansa-iin/176_009.html	独自	enabled		都道府県（義務） リンク文字『包括外部監査に基づく監査結果』 添付129
19201	https://www.city.kofu.yamanashi.jp/kansa/20200831.html	独自	enabled		中核市（義務） リンク文字『令和元年度包括外部監査』 添付6
19202			unresolved	source_url_unresolved	
19204			unresolved	source_url_unresolved	
19205			unresolved	source_url_unresolved	
19206			unresolved	source_url_unresolved	
19207			unresolved	source_url_unresolved	
19208			unresolved	source_url_unresolved	
19209			unresolved	source_url_unresolved	
19210			unresolved	source_url_unresolved	
19211			unresolved	source_url_unresolved	
19212			unresolved	source_url_unresolved	
19213			unresolved	source_url_unresolved	
19214			unresolved	source_url_unresolved	
19346			unresolved	source_url_unresolved	
19364			unresolved	source_url_unresolved	
19365			unresolved	source_url_unresolved	
19366			unresolved	source_url_unresolved	
19368			unresolved	source_url_unresolved	
19384			unresolved	source_url_unresolved	
19422			unresolved	source_url_unresolved	
19423			unresolved	source_url_unresolved	
19424			unresolved	source_url_unresolved	
19425			unresolved	source_url_unresolved	
19429			unresolved	source_url_unresolved	
19430			unresolved	source_url_unresolved	
19442			unresolved	source_url_unresolved	
19443			unresolved	source_url_unresolved	
20000	https://www.pref.nagano.lg.jp/kansa/kensei/kansa/kekka/kekka.html	独自	review_required	needs_confirmation	都道府県（義務） 本文に『包括外部監査』 添付110 入口かどうか要確認
20201	https://www.city.nagano.nagano.jp/n540500/contents/p005248.html	独自	enabled		中核市（義務） リンク文字『包括外部監査』 添付120
20202	https://www.city.matsumoto.nagano.jp/soshiki/208/50078.html	独自	enabled		中核市（義務） リンク文字『包括外部監査』 添付9
20203			unresolved	source_url_unresolved	
20204			unresolved	source_url_unresolved	
20205			unresolved	source_url_unresolved	
20206			unresolved	source_url_unresolved	
20207			unresolved	source_url_unresolved	
20208			unresolved	source_url_unresolved	
20209			unresolved	source_url_unresolved	
20210			unresolved	source_url_unresolved	
20211			unresolved	source_url_unresolved	
20212			unresolved	source_url_unresolved	
20213			unresolved	source_url_unresolved	
20214			unresolved	source_url_unresolved	
20215			unresolved	source_url_unresolved	
20217			unresolved	source_url_unresolved	
20218			unresolved	source_url_unresolved	
20219			unresolved	source_url_unresolved	
20220			unresolved	source_url_unresolved	
20303			unresolved	source_url_unresolved	
20304			unresolved	source_url_unresolved	
20305			unresolved	source_url_unresolved	
20306			unresolved	source_url_unresolved	
20307			unresolved	source_url_unresolved	
20309			unresolved	source_url_unresolved	
20321			unresolved	source_url_unresolved	
20323			unresolved	source_url_unresolved	
20324			unresolved	source_url_unresolved	
20349			unresolved	source_url_unresolved	
20350			unresolved	source_url_unresolved	
20361			unresolved	source_url_unresolved	
20362			unresolved	source_url_unresolved	
20363			unresolved	source_url_unresolved	
20382			unresolved	source_url_unresolved	
20383			unresolved	source_url_unresolved	
20384			unresolved	source_url_unresolved	
20385			unresolved	source_url_unresolved	
20386			unresolved	source_url_unresolved	
20388			unresolved	source_url_unresolved	
20402			unresolved	source_url_unresolved	
20403			unresolved	source_url_unresolved	
20404			unresolved	source_url_unresolved	
20407			unresolved	source_url_unresolved	
20409			unresolved	source_url_unresolved	
20410			unresolved	source_url_unresolved	
20411			unresolved	source_url_unresolved	
20412			unresolved	source_url_unresolved	
20413			unresolved	source_url_unresolved	
20414			unresolved	source_url_unresolved	
20415			unresolved	source_url_unresolved	
20416			unresolved	source_url_unresolved	
20417			unresolved	source_url_unresolved	
20422			unresolved	source_url_unresolved	
20423			unresolved	source_url_unresolved	
20425			unresolved	source_url_unresolved	
20429			unresolved	source_url_unresolved	
20430			unresolved	source_url_unresolved	
20432			unresolved	source_url_unresolved	
20446			unresolved	source_url_unresolved	
20448			unresolved	source_url_unresolved	
20450			unresolved	source_url_unresolved	
20451			unresolved	source_url_unresolved	
20452			unresolved	source_url_unresolved	
20481			unresolved	source_url_unresolved	
20482			unresolved	source_url_unresolved	
20485			unresolved	source_url_unresolved	
20486			unresolved	source_url_unresolved	
20521			unresolved	source_url_unresolved	
20541			unresolved	source_url_unresolved	
20543			unresolved	source_url_unresolved	
20561			unresolved	source_url_unresolved	
20562			unresolved	source_url_unresolved	
20563			unresolved	source_url_unresolved	
20583			unresolved	source_url_unresolved	
20588			unresolved	source_url_unresolved	
20590			unresolved	source_url_unresolved	
20602			unresolved	source_url_unresolved	
21000	https://www.pref.gifu.lg.jp/page/201073.html	独自	enabled		都道府県（義務） リンク文字『令和3年3月26日に公表した令和元年度包括外部監』 添付1
21201	https://www.city.gifu.lg.jp/info/kansa/1009505/1009506.html	独自	review_required	needs_confirmation	中核市（義務） 本文に『包括外部監査』 添付0 入口かどうか要確認
21202			unresolved	source_url_unresolved	
21203			unresolved	source_url_unresolved	
21204			unresolved	source_url_unresolved	
21205			unresolved	source_url_unresolved	
21206			unresolved	source_url_unresolved	
21207			unresolved	source_url_unresolved	
21208			unresolved	source_url_unresolved	
21209			unresolved	source_url_unresolved	
21210			unresolved	source_url_unresolved	
21211			unresolved	source_url_unresolved	
21212			unresolved	source_url_unresolved	
21213			unresolved	source_url_unresolved	
21214			unresolved	source_url_unresolved	
21215			unresolved	source_url_unresolved	
21216			unresolved	source_url_unresolved	
21217			unresolved	source_url_unresolved	
21218			unresolved	source_url_unresolved	
21219			unresolved	source_url_unresolved	
21220			unresolved	source_url_unresolved	
21221			unresolved	source_url_unresolved	
21302			unresolved	source_url_unresolved	
21303			unresolved	source_url_unresolved	
21341			unresolved	source_url_unresolved	
21361			unresolved	source_url_unresolved	
21362			unresolved	source_url_unresolved	
21381			unresolved	source_url_unresolved	
21382			unresolved	source_url_unresolved	
21383			unresolved	source_url_unresolved	
21401			unresolved	source_url_unresolved	
21403			unresolved	source_url_unresolved	
21404			unresolved	source_url_unresolved	
21421			unresolved	source_url_unresolved	
21501			unresolved	source_url_unresolved	
21502			unresolved	source_url_unresolved	
21503			unresolved	source_url_unresolved	
21504			unresolved	source_url_unresolved	
21505			unresolved	source_url_unresolved	
21506			unresolved	source_url_unresolved	
21507			unresolved	source_url_unresolved	
21521			unresolved	source_url_unresolved	
21604			unresolved	source_url_unresolved	
22000	https://www.pref.shizuoka.jp/kensei/zaiseisuito/kansa/1002104/1004016/1081975.html	独自	enabled		都道府県（義務） リンク文字『令和7年度包括外部監査（DX推進の施策に係る財務』 添付1
22100	https://www.city.shizuoka.lg.jp/s4367/s008190.html	独自	review_required	needs_confirmation	政令市（義務） 本文に『包括外部監査』 添付15 入口かどうか要確認
22130	https://www.city.hamamatsu.shizuoka.jp/kansa/kansa/gaibu/gaibu.html	独自	enabled		政令市（義務） リンク文字『包括外部監査結果に基づく措置』 添付10
22203			unresolved	source_url_unresolved	
22205			unresolved	source_url_unresolved	
22206			unresolved	source_url_unresolved	
22207			unresolved	source_url_unresolved	
22208			unresolved	source_url_unresolved	
22209			unresolved	source_url_unresolved	
22210			unresolved	source_url_unresolved	
22211			unresolved	source_url_unresolved	
22212			unresolved	source_url_unresolved	
22213			unresolved	source_url_unresolved	
22214			unresolved	source_url_unresolved	
22215			unresolved	source_url_unresolved	
22216			unresolved	source_url_unresolved	
22219			unresolved	source_url_unresolved	
22220			unresolved	source_url_unresolved	
22221			unresolved	source_url_unresolved	
22222			unresolved	source_url_unresolved	
22223			unresolved	source_url_unresolved	
22224			unresolved	source_url_unresolved	
22225			unresolved	source_url_unresolved	
22226			unresolved	source_url_unresolved	
22301			unresolved	source_url_unresolved	
22302			unresolved	source_url_unresolved	
22304			unresolved	source_url_unresolved	
22305			unresolved	source_url_unresolved	
22306			unresolved	source_url_unresolved	
22325			unresolved	source_url_unresolved	
22341			unresolved	source_url_unresolved	
22342			unresolved	source_url_unresolved	
22344			unresolved	source_url_unresolved	
22424			unresolved	source_url_unresolved	
22429			unresolved	source_url_unresolved	
22461			unresolved	source_url_unresolved	
23000	https://www.pref.aichi.jp/soshiki/somubu-somu/0000040152.html	独自	review_required	needs_confirmation	任意 手で確認: 本文に『包括外部監査』 添付10 入口かどうか要確認
23100	https://www.city.nagoya.jp/shisei/kansa/1030226/1030297/1046157.html	独自	enabled		政令市（義務） リンク文字『令和7年度包括外部監査の結果』 添付2
23201	https://www.city.toyohashi.lg.jp/7926.htm	独自	enabled		中核市（義務） リンク文字『包括外部監査制度について』 添付14
23202	https://www.city.okazaki.lg.jp/shisei/kansa/1005945.html	独自	enabled		中核市（義務） リンク文字『包括外部監査制度』 添付8
23203	https://www.city.ichinomiya.aichi.jp/kansa/kansa/kansa/1040009.html	独自	review_required	needs_confirmation	中核市（義務） 本文に『包括外部監査』 添付0 入口かどうか要確認
23204			unresolved	source_url_unresolved	
23205			unresolved	source_url_unresolved	
23206			unresolved	source_url_unresolved	
23207			unresolved	source_url_unresolved	
23208			unresolved	source_url_unresolved	
23209			unresolved	source_url_unresolved	
23210			unresolved	source_url_unresolved	
23211	https://www.city.toyota.aichi.jp/shisei/kansa/1005124.html	独自	review_required	needs_confirmation	中核市（義務） 本文に『包括外部監査』 添付62 入口かどうか要確認
23212			unresolved	source_url_unresolved	
23213			unresolved	source_url_unresolved	
23214			unresolved	source_url_unresolved	
23215			unresolved	source_url_unresolved	
23216			unresolved	source_url_unresolved	
23217			unresolved	source_url_unresolved	
23219			unresolved	source_url_unresolved	
23220			unresolved	source_url_unresolved	
23221			unresolved	source_url_unresolved	
23222			unresolved	source_url_unresolved	
23223			unresolved	source_url_unresolved	
23224			unresolved	source_url_unresolved	
23225			unresolved	source_url_unresolved	
23226			unresolved	source_url_unresolved	
23227			unresolved	source_url_unresolved	
23228			unresolved	source_url_unresolved	
23229			unresolved	source_url_unresolved	
23230			unresolved	source_url_unresolved	
23231			unresolved	source_url_unresolved	
23232			unresolved	source_url_unresolved	
23233			unresolved	source_url_unresolved	
23234			unresolved	source_url_unresolved	
23235			unresolved	source_url_unresolved	
23236			unresolved	source_url_unresolved	
23237			unresolved	source_url_unresolved	
23238			unresolved	source_url_unresolved	
23302			unresolved	source_url_unresolved	
23342			unresolved	source_url_unresolved	
23361			unresolved	source_url_unresolved	
23362			unresolved	source_url_unresolved	
23424			unresolved	source_url_unresolved	
23425			unresolved	source_url_unresolved	
23427			unresolved	source_url_unresolved	
23441			unresolved	source_url_unresolved	
23442			unresolved	source_url_unresolved	
23445			unresolved	source_url_unresolved	
23446			unresolved	source_url_unresolved	
23447			unresolved	source_url_unresolved	
23501			unresolved	source_url_unresolved	
23561			unresolved	source_url_unresolved	
23562			unresolved	source_url_unresolved	
23563			unresolved	source_url_unresolved	
24000	https://www.pref.mie.lg.jp/common/07/ci400006214.htm	独自	enabled		都道府県（義務） リンク文字『包括外部監査』 添付0
24201			unresolved	source_url_unresolved	
24202			unresolved	source_url_unresolved	
24203			unresolved	source_url_unresolved	
24204			unresolved	source_url_unresolved	
24205			unresolved	source_url_unresolved	
24207			unresolved	source_url_unresolved	
24208			unresolved	source_url_unresolved	
24209			unresolved	source_url_unresolved	
24210			unresolved	source_url_unresolved	
24211			unresolved	source_url_unresolved	
24212			unresolved	source_url_unresolved	
24214			unresolved	source_url_unresolved	
24215			unresolved	source_url_unresolved	
24216			unresolved	source_url_unresolved	
24303			unresolved	source_url_unresolved	
24324			unresolved	source_url_unresolved	
24341			unresolved	source_url_unresolved	
24343			unresolved	source_url_unresolved	
24344			unresolved	source_url_unresolved	
24441			unresolved	source_url_unresolved	
24442			unresolved	source_url_unresolved	
24443			unresolved	source_url_unresolved	
24461			unresolved	source_url_unresolved	
24470			unresolved	source_url_unresolved	
24471			unresolved	source_url_unresolved	
24472			unresolved	source_url_unresolved	
24543			unresolved	source_url_unresolved	
24561			unresolved	source_url_unresolved	
24562			unresolved	source_url_unresolved	
25000	https://www.pref.shiga.lg.jp/be00/9108.html	独自	review_required	needs_confirmation	都道府県（義務） 本文に『包括外部監査』 添付0 入口かどうか要確認
25201	https://www.city.otsu.lg.jp/shisei/k/ga/ho/index.html	独自	enabled		中核市（義務） リンク文字『包括外部監査』 添付0
25202			unresolved	source_url_unresolved	
25203			unresolved	source_url_unresolved	
25204			unresolved	source_url_unresolved	
25206			unresolved	source_url_unresolved	
25207			unresolved	source_url_unresolved	
25208			unresolved	source_url_unresolved	
25209			unresolved	source_url_unresolved	
25210			unresolved	source_url_unresolved	
25211			unresolved	source_url_unresolved	
25212			unresolved	source_url_unresolved	
25213			unresolved	source_url_unresolved	
25214			unresolved	source_url_unresolved	
25383			unresolved	source_url_unresolved	
25384			unresolved	source_url_unresolved	
25425			unresolved	source_url_unresolved	
25441			unresolved	source_url_unresolved	
25442			unresolved	source_url_unresolved	
25443			unresolved	source_url_unresolved	
26000	https://www.pref.kyoto.jp/kansa/gaibu-kekka.html	独自	enabled		都道府県（義務） リンク文字『包括外部監査のテーマと監査結果』 添付6
26100	https://www.city.kyoto.lg.jp/kansa/page/0000145927.html	独自	review_required	needs_confirmation	政令市（義務） 本文に『包括外部監査』 添付92 入口かどうか要確認
26201			unresolved	source_url_unresolved	
26202			unresolved	source_url_unresolved	
26203			unresolved	source_url_unresolved	
26204			unresolved	source_url_unresolved	
26205			unresolved	source_url_unresolved	
26206			unresolved	source_url_unresolved	
26207			unresolved	source_url_unresolved	
26208			unresolved	source_url_unresolved	
26209			unresolved	source_url_unresolved	
26210			unresolved	source_url_unresolved	
26211			unresolved	source_url_unresolved	
26212			unresolved	source_url_unresolved	
26213			unresolved	source_url_unresolved	
26214			unresolved	source_url_unresolved	
26303			unresolved	source_url_unresolved	
26322			unresolved	source_url_unresolved	
26343			unresolved	source_url_unresolved	
26344			unresolved	source_url_unresolved	
26364			unresolved	source_url_unresolved	
26365			unresolved	source_url_unresolved	
26366			unresolved	source_url_unresolved	
26367			unresolved	source_url_unresolved	
26407			unresolved	source_url_unresolved	
26463			unresolved	source_url_unresolved	
26465			unresolved	source_url_unresolved	
27000	https://www.pref.osaka.lg.jp/o200010/kansa/senteiiinkai/index.html	独自	enabled		都道府県（義務） リンク文字『大阪府包括外部監査人選定委員会』 添付210
27100	https://www.city.osaka.lg.jp/gyouseiiinkai/page/0000431925.html	独自	enabled		政令市（義務） リンク文字『包括外部監査』 添付23
27140	https://www.city.sakai.lg.jp/shisei/sonota/kansa/kansakajokyo/hokatsu/sochijokyo.html	独自	enabled		政令市（義務） リンク文字『包括外部監査』 添付9
27202			unresolved	source_url_unresolved	
27203	https://www.city.toyonaka.osaka.jp/joho/kansa/gaibukansa.html	独自	enabled		中核市（義務） リンク文字『包括外部監査制度』 添付83
27204			unresolved	source_url_unresolved	
27205	https://www.city.suita.osaka.jp/shisei/1019101/1022334/1007951.html	独自	enabled		中核市（義務） リンク文字『各年度の包括外部監査人と監査テーマ』 添付0
27206			unresolved	source_url_unresolved	
27207	https://www.city.takatsuki.osaka.jp/soshiki/9/183667.html	独自	enabled		中核市（義務） リンク文字『令和9年度高槻市包括外部監査人の募集』 添付6
27208			unresolved	source_url_unresolved	
27209			unresolved	source_url_unresolved	
27210	https://www.city.hirakata.osaka.jp/0000000189.html	独自	enabled		中核市（義務） リンク文字『包括外部監査』 添付93
27211			unresolved	source_url_unresolved	
27212	https://www.city.yao.osaka.jp/shisei/iinnkai_shingikai_kansa/1010443/1010448/1010449/index.html	独自	enabled		中核市（義務） リンク文字『包括外部監査』 添付0
27213			unresolved	source_url_unresolved	
27214			unresolved	source_url_unresolved	
27215	https://www.city.neyagawa.osaka.jp/shisei/kansa/13671.html	独自	enabled		中核市（義務） リンク文字『包括外部監査』 添付21
27216			unresolved	source_url_unresolved	
27217			unresolved	source_url_unresolved	
27218			unresolved	source_url_unresolved	
27219			unresolved	source_url_unresolved	
27220			unresolved	source_url_unresolved	
27221			unresolved	source_url_unresolved	
27222			unresolved	source_url_unresolved	
27223			unresolved	source_url_unresolved	
27224			unresolved	source_url_unresolved	
27225			unresolved	source_url_unresolved	
27226			unresolved	source_url_unresolved	
27227	https://www.city.higashiosaka.lg.jp/0000000321.html	独自	enabled		中核市（義務） リンク文字『包括外部監査』 添付0
27228			unresolved	source_url_unresolved	
27229			unresolved	source_url_unresolved	
27230			unresolved	source_url_unresolved	
27231			unresolved	source_url_unresolved	
27232			unresolved	source_url_unresolved	
27301			unresolved	source_url_unresolved	
27321			unresolved	source_url_unresolved	
27322			unresolved	source_url_unresolved	
27341			unresolved	source_url_unresolved	
27361			unresolved	source_url_unresolved	
27362			unresolved	source_url_unresolved	
27366			unresolved	source_url_unresolved	
27381			unresolved	source_url_unresolved	
27382			unresolved	source_url_unresolved	
27383			unresolved	source_url_unresolved	
28000	https://web.pref.hyogo.lg.jp/ka01/ad01_000000039.html	独自	enabled		都道府県（義務） リンク文字『包括外部監査』 添付0
28100	https://www.city.kobe.lg.jp/a80955/shise/kansa/kansashurui.html	独自	review_required	needs_confirmation	政令市（義務） 本文に『包括外部監査』 添付0 入口かどうか要確認
28201	https://www.city.himeji.lg.jp/shisei/0000002790.html	独自	enabled		中核市（義務） リンク文字『包括外部監査結果（年度別） 包括外部監査人が実施』 添付35
28202	https://www.city.amagasaki.hyogo.jp/shisei/kansa_joho/114kansa/1033779/index.html	独自	enabled		中核市（義務） リンク文字『外部監査人による監査（包括外部監査、個別外部監査』 添付0
28203	https://www.city.akashi.lg.jp/kansa/gaibukansaninkansa.html	独自	review_required	needs_confirmation	中核市（義務） 本文に『包括外部監査』 添付16 入口かどうか要確認
28204	https://www.nishi.or.jp/shisei/kakushugyoseiiinkai/kansa/kansa/gaibukansa.html	独自	review_required	needs_confirmation	中核市（義務） 本文に『包括外部監査』 添付0 入口かどうか要確認
28205			unresolved	source_url_unresolved	
28206			unresolved	source_url_unresolved	
28207			unresolved	source_url_unresolved	
28208			unresolved	source_url_unresolved	
28209			unresolved	source_url_unresolved	
28210			unresolved	source_url_unresolved	
28212			unresolved	source_url_unresolved	
28213			unresolved	source_url_unresolved	
28214			unresolved	source_url_unresolved	
28215			unresolved	source_url_unresolved	
28216			unresolved	source_url_unresolved	
28217			unresolved	source_url_unresolved	
28218			unresolved	source_url_unresolved	
28219			unresolved	source_url_unresolved	
28220			unresolved	source_url_unresolved	
28221			unresolved	source_url_unresolved	
28222			unresolved	source_url_unresolved	
28223			unresolved	source_url_unresolved	
28224			unresolved	source_url_unresolved	
28225			unresolved	source_url_unresolved	
28226			unresolved	source_url_unresolved	
28227			unresolved	source_url_unresolved	
28228			unresolved	source_url_unresolved	
28229			unresolved	source_url_unresolved	
28301			unresolved	source_url_unresolved	
28365			unresolved	source_url_unresolved	
28381			unresolved	source_url_unresolved	
28382			unresolved	source_url_unresolved	
28442			unresolved	source_url_unresolved	
28443			unresolved	source_url_unresolved	
28446			unresolved	source_url_unresolved	
28464			unresolved	source_url_unresolved	
28481			unresolved	source_url_unresolved	
28501			unresolved	source_url_unresolved	
28585			unresolved	source_url_unresolved	
28586			unresolved	source_url_unresolved	
29000	https://www.pref.nara.lg.jp/n175/8330.html	独自	review_required	needs_confirmation	都道府県（義務） 本文に『包括外部監査』 添付54 入口かどうか要確認
29201	https://www.city.nara.lg.jp/soshiki/9/50472.html	独自	enabled		中核市（義務） リンク文字『包括外部監査』 添付64
29202			unresolved	source_url_unresolved	
29203			unresolved	source_url_unresolved	
29204			unresolved	source_url_unresolved	
29205			unresolved	source_url_unresolved	
29206			unresolved	source_url_unresolved	
29207			unresolved	source_url_unresolved	
29208			unresolved	source_url_unresolved	
29209			unresolved	source_url_unresolved	
29210			unresolved	source_url_unresolved	
29211			unresolved	source_url_unresolved	
29212			unresolved	source_url_unresolved	
29322			unresolved	source_url_unresolved	
29342			unresolved	source_url_unresolved	
29343			unresolved	source_url_unresolved	
29344			unresolved	source_url_unresolved	
29345			unresolved	source_url_unresolved	
29361			unresolved	source_url_unresolved	
29362			unresolved	source_url_unresolved	
29363			unresolved	source_url_unresolved	
29385			unresolved	source_url_unresolved	
29386			unresolved	source_url_unresolved	
29401			unresolved	source_url_unresolved	
29402			unresolved	source_url_unresolved	
29424			unresolved	source_url_unresolved	
29425			unresolved	source_url_unresolved	
29426			unresolved	source_url_unresolved	
29427			unresolved	source_url_unresolved	
29441			unresolved	source_url_unresolved	
29442			unresolved	source_url_unresolved	
29443			unresolved	source_url_unresolved	
29444			unresolved	source_url_unresolved	
29446			unresolved	source_url_unresolved	
29447			unresolved	source_url_unresolved	
29449			unresolved	source_url_unresolved	
29450			unresolved	source_url_unresolved	
29451			unresolved	source_url_unresolved	
29452			unresolved	source_url_unresolved	
29453			unresolved	source_url_unresolved	
30000	https://www.pref.wakayama.lg.jp/prefg/230100/kansahome/kansa-sub/houkatugaibu.html	独自	enabled		都道府県（義務） リンク文字『包括外部監査』 添付5
30201	https://www.city.wakayama.wakayama.jp/shisei/kansa/1008408/1008416.html	独自	enabled		中核市（義務） リンク文字『包括外部監査の結果』 添付10
30202			unresolved	source_url_unresolved	
30203			unresolved	source_url_unresolved	
30204			unresolved	source_url_unresolved	
30205			unresolved	source_url_unresolved	
30206			unresolved	source_url_unresolved	
30207			unresolved	source_url_unresolved	
30208			unresolved	source_url_unresolved	
30209			unresolved	source_url_unresolved	
30304			unresolved	source_url_unresolved	
30341			unresolved	source_url_unresolved	
30343			unresolved	source_url_unresolved	
30344			unresolved	source_url_unresolved	
30361			unresolved	source_url_unresolved	
30362			unresolved	source_url_unresolved	
30366			unresolved	source_url_unresolved	
30381			unresolved	source_url_unresolved	
30382			unresolved	source_url_unresolved	
30383			unresolved	source_url_unresolved	
30390			unresolved	source_url_unresolved	
30391			unresolved	source_url_unresolved	
30392			unresolved	source_url_unresolved	
30401			unresolved	source_url_unresolved	
30404			unresolved	source_url_unresolved	
30406			unresolved	source_url_unresolved	
30421			unresolved	source_url_unresolved	
30422			unresolved	source_url_unresolved	
30424			unresolved	source_url_unresolved	
30427			unresolved	source_url_unresolved	
30428			unresolved	source_url_unresolved	
31000	https://www.pref.tottori.lg.jp/75062.htm	独自	enabled		都道府県（義務） リンク文字『包括外部監査』 添付16
31201	https://www.city.tottori.lg.jp/page/6634.html	独自	enabled		中核市（義務） リンク文字『包括外部監査』 添付48
31202			unresolved	source_url_unresolved	
31203			unresolved	source_url_unresolved	
31204			unresolved	source_url_unresolved	
31302			unresolved	source_url_unresolved	
31325			unresolved	source_url_unresolved	
31328			unresolved	source_url_unresolved	
31329			unresolved	source_url_unresolved	
31364			unresolved	source_url_unresolved	
31370			unresolved	source_url_unresolved	
31371			unresolved	source_url_unresolved	
31372			unresolved	source_url_unresolved	
31384			unresolved	source_url_unresolved	
31386			unresolved	source_url_unresolved	
31389			unresolved	source_url_unresolved	
31390			unresolved	source_url_unresolved	
31401			unresolved	source_url_unresolved	
31402			unresolved	source_url_unresolved	
31403			unresolved	source_url_unresolved	
32000	https://www.pref.shimane.lg.jp/admin/commission/kansa/kansa_hokoku/	独自	review_required	needs_confirmation	都道府県（義務） 本文に『包括外部監査』 添付0 入口かどうか要確認
32201	https://www.city.matsue.lg.jp/gyoseijoho/kansa/10000.html	独自	enabled		中核市（義務） リンク文字『包括外部監査制度』 添付0
32202			unresolved	source_url_unresolved	
32203			unresolved	source_url_unresolved	
32204			unresolved	source_url_unresolved	
32205			unresolved	source_url_unresolved	
32206			unresolved	source_url_unresolved	
32207			unresolved	source_url_unresolved	
32209			unresolved	source_url_unresolved	
32343			unresolved	source_url_unresolved	
32386			unresolved	source_url_unresolved	
32441			unresolved	source_url_unresolved	
32448			unresolved	source_url_unresolved	
32449			unresolved	source_url_unresolved	
32501			unresolved	source_url_unresolved	
32505			unresolved	source_url_unresolved	
32525			unresolved	source_url_unresolved	
32526			unresolved	source_url_unresolved	
32527			unresolved	source_url_unresolved	
32528			unresolved	source_url_unresolved	
33000	https://www.pref.okayama.jp/page/415011.html	独自	enabled		都道府県（義務） リンク文字『包括外部監査』 添付63
33100	https://www.city.okayama.jp/shisei/0000009605.html	独自	review_required	needs_confirmation	政令市（義務） 本文に『包括外部監査』 添付10 入口かどうか要確認
33202	https://www.city.kurashiki.okayama.jp/cityinfo/legal/1007990/index.html	独自	enabled		中核市（義務） リンク文字『包括外部監査』 添付0
33203			unresolved	source_url_unresolved	
33204			unresolved	source_url_unresolved	
33205			unresolved	source_url_unresolved	
33207			unresolved	source_url_unresolved	
33208			unresolved	source_url_unresolved	
33209			unresolved	source_url_unresolved	
33210			unresolved	source_url_unresolved	
33211			unresolved	source_url_unresolved	
33212			unresolved	source_url_unresolved	
33213			unresolved	source_url_unresolved	
33214			unresolved	source_url_unresolved	
33215			unresolved	source_url_unresolved	
33216			unresolved	source_url_unresolved	
33346			unresolved	source_url_unresolved	
33423			unresolved	source_url_unresolved	
33445			unresolved	source_url_unresolved	
33461			unresolved	source_url_unresolved	
33586			unresolved	source_url_unresolved	
33606			unresolved	source_url_unresolved	
33622			unresolved	source_url_unresolved	
33623			unresolved	source_url_unresolved	
33643			unresolved	source_url_unresolved	
33663			unresolved	source_url_unresolved	
33666			unresolved	source_url_unresolved	
33681			unresolved	source_url_unresolved	
34000	https://www.pref.hiroshima.lg.jp/soshiki/16.html	独自	review_required	needs_confirmation	都道府県（義務） 本文に『包括外部監査』 添付0 入口かどうか要確認
34100	https://www.city.hiroshima.lg.jp/shisei/gyosei/1006008/1027339/1047331.html	独自	enabled		政令市（義務） リンク文字『令和7年度包括外部監査結果(令和8年2月5日公表』 添付1
34202	https://www.city.kure.lg.jp/soshiki/23/kansa5.html	独自	review_required	needs_confirmation	中核市（義務） 本文に『包括外部監査』 添付20 入口かどうか要確認
34203			unresolved	source_url_unresolved	
34204			unresolved	source_url_unresolved	
34205			unresolved	source_url_unresolved	
34207	https://www.city.fukuyama.hiroshima.jp/soshiki/kansa/2575.html	独自	enabled		中核市（義務） リンク文字『包括外部監査結果・措置通知』 添付21
34208			unresolved	source_url_unresolved	
34209			unresolved	source_url_unresolved	
34210			unresolved	source_url_unresolved	
34211			unresolved	source_url_unresolved	
34212			unresolved	source_url_unresolved	
34213			unresolved	source_url_unresolved	
34214			unresolved	source_url_unresolved	
34215			unresolved	source_url_unresolved	
34302			unresolved	source_url_unresolved	
34304			unresolved	source_url_unresolved	
34307			unresolved	source_url_unresolved	
34309			unresolved	source_url_unresolved	
34368			unresolved	source_url_unresolved	
34369			unresolved	source_url_unresolved	
34431			unresolved	source_url_unresolved	
34462			unresolved	source_url_unresolved	
34545			unresolved	source_url_unresolved	
35000	https://www.pref.yamaguchi.lg.jp/soshiki/173/25713.html	独自	enabled		都道府県（義務） リンク文字『令和7年度包括外部監査の結果の報告があったので公』 添付12
35201	https://www.city.shimonoseki.lg.jp/soshiki/119/3032.html	独自	review_required	needs_confirmation	中核市（義務） 本文に『包括外部監査』 添付61 入口かどうか要確認
35202			unresolved	source_url_unresolved	
35203			unresolved	source_url_unresolved	
35204			unresolved	source_url_unresolved	
35206			unresolved	source_url_unresolved	
35207			unresolved	source_url_unresolved	
35208			unresolved	source_url_unresolved	
35210			unresolved	source_url_unresolved	
35211			unresolved	source_url_unresolved	
35212			unresolved	source_url_unresolved	
35213			unresolved	source_url_unresolved	
35215			unresolved	source_url_unresolved	
35216			unresolved	source_url_unresolved	
35305			unresolved	source_url_unresolved	
35321			unresolved	source_url_unresolved	
35341			unresolved	source_url_unresolved	
35343			unresolved	source_url_unresolved	
35344			unresolved	source_url_unresolved	
35502			unresolved	source_url_unresolved	
36000	https://www.pref.tokushima.lg.jp/kenseijoho/hodoteikyoshiryo/2015042200118	独自	enabled		都道府県（義務） リンク文字『包括外部監査結果報告及び講じた措置の一覧』 添付74
36201			unresolved	source_url_unresolved	
36202			unresolved	source_url_unresolved	
36203			unresolved	source_url_unresolved	
36204			unresolved	source_url_unresolved	
36205			unresolved	source_url_unresolved	
36206			unresolved	source_url_unresolved	
36207			unresolved	source_url_unresolved	
36208			unresolved	source_url_unresolved	
36301			unresolved	source_url_unresolved	
36302			unresolved	source_url_unresolved	
36321			unresolved	source_url_unresolved	
36341			unresolved	source_url_unresolved	
36342			unresolved	source_url_unresolved	
36368			unresolved	source_url_unresolved	
36383			unresolved	source_url_unresolved	
36387			unresolved	source_url_unresolved	
36388			unresolved	source_url_unresolved	
36401			unresolved	source_url_unresolved	
36402			unresolved	source_url_unresolved	
36403			unresolved	source_url_unresolved	
36404			unresolved	source_url_unresolved	
36405			unresolved	source_url_unresolved	
36468			unresolved	source_url_unresolved	
36489			unresolved	source_url_unresolved	
37000	https://www.pref.kagawa.lg.jp/kansai/hokatsu/kfvn.html	独自	enabled		都道府県（義務） リンク文字『包括外部監査』 添付0
37201	https://www.city.takamatsu.kagawa.jp/kurashi/shinotorikumi/johokokai/kansa/kekka/index.html	独自	review_required	needs_confirmation	任意 手で確認: 本文に『包括外部監査』 添付0 入口かどうか要確認
37202			unresolved	source_url_unresolved	
37203			unresolved	source_url_unresolved	
37204			unresolved	source_url_unresolved	
37205			unresolved	source_url_unresolved	
37206			unresolved	source_url_unresolved	
37207			unresolved	source_url_unresolved	
37208			unresolved	source_url_unresolved	
37322			unresolved	source_url_unresolved	
37324			unresolved	source_url_unresolved	
37341			unresolved	source_url_unresolved	
37364			unresolved	source_url_unresolved	
37386			unresolved	source_url_unresolved	
37387			unresolved	source_url_unresolved	
37403			unresolved	source_url_unresolved	
37404			unresolved	source_url_unresolved	
37406			unresolved	source_url_unresolved	
38000	https://www.pref.ehime.jp/page/7198.html	独自	enabled		都道府県（義務） リンク文字『包括外部監査の結果』 添付102
38201	https://www.city.matsuyama.ehime.jp/shisei/kansa/houkatsugaibukansa.html	独自	enabled		中核市（義務） リンク文字『包括外部監査の結果』 添付19
38202			unresolved	source_url_unresolved	
38203			unresolved	source_url_unresolved	
38204			unresolved	source_url_unresolved	
38205			unresolved	source_url_unresolved	
38206			unresolved	source_url_unresolved	
38207			unresolved	source_url_unresolved	
38210			unresolved	source_url_unresolved	
38213			unresolved	source_url_unresolved	
38214			unresolved	source_url_unresolved	
38215			unresolved	source_url_unresolved	
38356			unresolved	source_url_unresolved	
38386			unresolved	source_url_unresolved	
38401			unresolved	source_url_unresolved	
38402			unresolved	source_url_unresolved	
38422			unresolved	source_url_unresolved	
38442			unresolved	source_url_unresolved	
38484			unresolved	source_url_unresolved	
38488			unresolved	source_url_unresolved	
38506			unresolved	source_url_unresolved	
39000	https://www.pref.kochi.lg.jp/doc/gaibu/	独自	review_required	needs_confirmation	都道府県（義務） 本文に『包括外部監査』 添付18 入口かどうか要確認
39201	https://www.city.kochi.kochi.jp/soshiki/98/kannsasoti0416.html	独自	review_required	needs_confirmation	中核市（義務） 本文に『包括外部監査』 添付29 入口かどうか要確認
39202			unresolved	source_url_unresolved	
39203			unresolved	source_url_unresolved	
39204			unresolved	source_url_unresolved	
39205			unresolved	source_url_unresolved	
39206			unresolved	source_url_unresolved	
39208			unresolved	source_url_unresolved	
39209			unresolved	source_url_unresolved	
39210			unresolved	source_url_unresolved	
39211			unresolved	source_url_unresolved	
39212			unresolved	source_url_unresolved	
39301			unresolved	source_url_unresolved	
39302			unresolved	source_url_unresolved	
39303			unresolved	source_url_unresolved	
39304			unresolved	source_url_unresolved	
39305			unresolved	source_url_unresolved	
39306			unresolved	source_url_unresolved	
39307			unresolved	source_url_unresolved	
39341			unresolved	source_url_unresolved	
39344			unresolved	source_url_unresolved	
39363			unresolved	source_url_unresolved	
39364			unresolved	source_url_unresolved	
39386			unresolved	source_url_unresolved	
39387			unresolved	source_url_unresolved	
39401			unresolved	source_url_unresolved	
39402			unresolved	source_url_unresolved	
39403			unresolved	source_url_unresolved	
39405			unresolved	source_url_unresolved	
39410			unresolved	source_url_unresolved	
39411			unresolved	source_url_unresolved	
39412			unresolved	source_url_unresolved	
39424			unresolved	source_url_unresolved	
39427			unresolved	source_url_unresolved	
39428			unresolved	source_url_unresolved	
40000	https://www.pref.fukuoka.lg.jp/contents/houkatugaibukansakekka-sochi.html	独自	enabled		都道府県（義務） リンク文字『包括外部監査』 添付47
40100	https://www.city.kitakyushu.lg.jp/kansa/file_0010.html	独自	enabled		政令市（義務） リンク文字『包括外部監査』 添付71
40130	https://www.city.fukuoka.lg.jp/kansajimu/kansa1/shisei/kansa/020-8.html	独自	enabled		政令市（義務） リンク文字『包括外部監査（令和6年度）』 添付27
40202			unresolved	source_url_unresolved	
40203	https://www.city.kurume.fukuoka.jp/1100keikaku/2090kansa/3060gaibukansa/2009-0316-1403-441.html	独自	review_required	needs_confirmation	任意 手で確認: 本文に『包括外部監査』 添付106 入口かどうか要確認
40204			unresolved	source_url_unresolved	
40205			unresolved	source_url_unresolved	
40206			unresolved	source_url_unresolved	
40207			unresolved	source_url_unresolved	
40210			unresolved	source_url_unresolved	
40211			unresolved	source_url_unresolved	
40212			unresolved	source_url_unresolved	
40213			unresolved	source_url_unresolved	
40214			unresolved	source_url_unresolved	
40215			unresolved	source_url_unresolved	
40216			unresolved	source_url_unresolved	
40217			unresolved	source_url_unresolved	
40218			unresolved	source_url_unresolved	
40219			unresolved	source_url_unresolved	
40220			unresolved	source_url_unresolved	
40221			unresolved	source_url_unresolved	
40223			unresolved	source_url_unresolved	
40224			unresolved	source_url_unresolved	
40225			unresolved	source_url_unresolved	
40226			unresolved	source_url_unresolved	
40227			unresolved	source_url_unresolved	
40228			unresolved	source_url_unresolved	
40229			unresolved	source_url_unresolved	
40230			unresolved	source_url_unresolved	
40231			unresolved	source_url_unresolved	
40341			unresolved	source_url_unresolved	
40342			unresolved	source_url_unresolved	
40343			unresolved	source_url_unresolved	
40344			unresolved	source_url_unresolved	
40345			unresolved	source_url_unresolved	
40348			unresolved	source_url_unresolved	
40349			unresolved	source_url_unresolved	
40381			unresolved	source_url_unresolved	
40382			unresolved	source_url_unresolved	
40383			unresolved	source_url_unresolved	
40384			unresolved	source_url_unresolved	
40401			unresolved	source_url_unresolved	
40402			unresolved	source_url_unresolved	
40421			unresolved	source_url_unresolved	
40447			unresolved	source_url_unresolved	
40448			unresolved	source_url_unresolved	
40503			unresolved	source_url_unresolved	
40522			unresolved	source_url_unresolved	
40544			unresolved	source_url_unresolved	
40601			unresolved	source_url_unresolved	
40602			unresolved	source_url_unresolved	
40604			unresolved	source_url_unresolved	
40605			unresolved	source_url_unresolved	
40608			unresolved	source_url_unresolved	
40609			unresolved	source_url_unresolved	
40610			unresolved	source_url_unresolved	
40621			unresolved	source_url_unresolved	
40625			unresolved	source_url_unresolved	
40642			unresolved	source_url_unresolved	
40646			unresolved	source_url_unresolved	
40647			unresolved	source_url_unresolved	
41000	https://www.pref.saga.lg.jp/kiji00320003/index.html	独自	enabled		都道府県（義務） リンク文字『包括外部監査制度』 添付27
41201			unresolved	source_url_unresolved	
41202			unresolved	source_url_unresolved	
41203			unresolved	source_url_unresolved	
41204			unresolved	source_url_unresolved	
41205			unresolved	source_url_unresolved	
41206			unresolved	source_url_unresolved	
41207			unresolved	source_url_unresolved	
41208			unresolved	source_url_unresolved	
41209			unresolved	source_url_unresolved	
41210			unresolved	source_url_unresolved	
41327			unresolved	source_url_unresolved	
41341			unresolved	source_url_unresolved	
41345			unresolved	source_url_unresolved	
41346			unresolved	source_url_unresolved	
41387			unresolved	source_url_unresolved	
41401			unresolved	source_url_unresolved	
41423			unresolved	source_url_unresolved	
41424			unresolved	source_url_unresolved	
41425			unresolved	source_url_unresolved	
41441			unresolved	source_url_unresolved	
42000	https://www.pref.nagasaki.lg.jp/doc/page-570146.html	独自	enabled		都道府県（義務） リンク文字『包括外部監査結果への措置状況』 添付14
42201	https://www.city.nagasaki.lg.jp/page/1869.html	独自	review_required	needs_confirmation	中核市（義務） 本文に『包括外部監査』 添付2 入口かどうか要確認
42202	https://www.city.sasebo.lg.jp/kansa/kansajim/kekka2024.html	独自	review_required	needs_confirmation	任意 手で確認: 本文に『包括外部監査』 添付41 入口かどうか要確認
42203			unresolved	source_url_unresolved	
42204			unresolved	source_url_unresolved	
42205			unresolved	source_url_unresolved	
42207			unresolved	source_url_unresolved	
42208			unresolved	source_url_unresolved	
42209			unresolved	source_url_unresolved	
42210			unresolved	source_url_unresolved	
42211			unresolved	source_url_unresolved	
42212			unresolved	source_url_unresolved	
42213			unresolved	source_url_unresolved	
42214			unresolved	source_url_unresolved	
42307			unresolved	source_url_unresolved	
42308			unresolved	source_url_unresolved	
42321			unresolved	source_url_unresolved	
42322			unresolved	source_url_unresolved	
42323			unresolved	source_url_unresolved	
42383			unresolved	source_url_unresolved	
42391			unresolved	source_url_unresolved	
42411			unresolved	source_url_unresolved	
43000	https://www.pref.kumamoto.jp/soshiki/149/275186.html	独自	enabled		都道府県（義務） リンク文字『令和8年度(2026年度)包括外部監査人補助者』 添付1
43100	https://www.city.kumamoto.jp/kiji0033937/index.html	独自	review_required	needs_confirmation	政令市（義務） 本文に『包括外部監査』 添付47 入口かどうか要確認
43202			unresolved	source_url_unresolved	
43203			unresolved	source_url_unresolved	
43204			unresolved	source_url_unresolved	
43205			unresolved	source_url_unresolved	
43206			unresolved	source_url_unresolved	
43208			unresolved	source_url_unresolved	
43210			unresolved	source_url_unresolved	
43211			unresolved	source_url_unresolved	
43212			unresolved	source_url_unresolved	
43213			unresolved	source_url_unresolved	
43214			unresolved	source_url_unresolved	
43215			unresolved	source_url_unresolved	
43216			unresolved	source_url_unresolved	
43348			unresolved	source_url_unresolved	
43364			unresolved	source_url_unresolved	
43367			unresolved	source_url_unresolved	
43368			unresolved	source_url_unresolved	
43369			unresolved	source_url_unresolved	
43403			unresolved	source_url_unresolved	
43404			unresolved	source_url_unresolved	
43423			unresolved	source_url_unresolved	
43424			unresolved	source_url_unresolved	
43425			unresolved	source_url_unresolved	
43428			unresolved	source_url_unresolved	
43432			unresolved	source_url_unresolved	
43433			unresolved	source_url_unresolved	
43441			unresolved	source_url_unresolved	
43442			unresolved	source_url_unresolved	
43443			unresolved	source_url_unresolved	
43444			unresolved	source_url_unresolved	
43447			unresolved	source_url_unresolved	
43468			unresolved	source_url_unresolved	
43482			unresolved	source_url_unresolved	
43484			unresolved	source_url_unresolved	
43501			unresolved	source_url_unresolved	
43505			unresolved	source_url_unresolved	
43506			unresolved	source_url_unresolved	
43507			unresolved	source_url_unresolved	
43510			unresolved	source_url_unresolved	
43511			unresolved	source_url_unresolved	
43512			unresolved	source_url_unresolved	
43513			unresolved	source_url_unresolved	
43514			unresolved	source_url_unresolved	
43531			unresolved	source_url_unresolved	
44000	https://www.pref.oita.jp/soshiki/24000/gaibu-thema.html	独自	enabled		都道府県（義務） リンク文字『包括外部監査のテーマ、結果及び措置状況』 添付61
44201	https://www.city.oita.oita.jp/o233/shisejoho/kansa/hokatugaibukansa.html	独自	enabled		中核市（義務） リンク文字『包括外部監査 （2026年7月13日 登録）』 添付37
44202			unresolved	source_url_unresolved	
44203			unresolved	source_url_unresolved	
44204			unresolved	source_url_unresolved	
44205			unresolved	source_url_unresolved	
44206			unresolved	source_url_unresolved	
44207			unresolved	source_url_unresolved	
44208			unresolved	source_url_unresolved	
44209			unresolved	source_url_unresolved	
44210			unresolved	source_url_unresolved	
44211			unresolved	source_url_unresolved	
44212			unresolved	source_url_unresolved	
44213			unresolved	source_url_unresolved	
44214			unresolved	source_url_unresolved	
44322			unresolved	source_url_unresolved	
44341			unresolved	source_url_unresolved	
44461			unresolved	source_url_unresolved	
44462			unresolved	source_url_unresolved	
45000	https://www.pref.miyazaki.lg.jp/kansa-1/kense/joho/gaibusoti.html	独自	enabled		都道府県（義務） リンク文字『包括外部監査結果報告に対して講じた措置について』 添付12
45201	https://www.city.miyazaki.miyazaki.jp/city/audit/2172.html	独自	enabled		中核市（義務） リンク文字『監査結果報告書（包括外部監査）』 添付47
45202			unresolved	source_url_unresolved	
45203			unresolved	source_url_unresolved	
45204			unresolved	source_url_unresolved	
45205			unresolved	source_url_unresolved	
45206			unresolved	source_url_unresolved	
45207			unresolved	source_url_unresolved	
45208			unresolved	source_url_unresolved	
45209			unresolved	source_url_unresolved	
45341			unresolved	source_url_unresolved	
45361			unresolved	source_url_unresolved	
45382			unresolved	source_url_unresolved	
45383			unresolved	source_url_unresolved	
45401			unresolved	source_url_unresolved	
45402			unresolved	source_url_unresolved	
45403			unresolved	source_url_unresolved	
45404			unresolved	source_url_unresolved	
45405			unresolved	source_url_unresolved	
45406			unresolved	source_url_unresolved	
45421			unresolved	source_url_unresolved	
45429			unresolved	source_url_unresolved	
45430			unresolved	source_url_unresolved	
45431			unresolved	source_url_unresolved	
45441			unresolved	source_url_unresolved	
45442			unresolved	source_url_unresolved	
45443			unresolved	source_url_unresolved	
46000	https://www.pref.kagoshima.jp/da01/kensei/gyokaku/kansa/houkatuhoukoku.html	独自	enabled		都道府県（義務） リンク文字『包括外部監査の報告書及び措置状況』 添付49
46201	https://www.city.kagoshima.lg.jp/kansa/kansa/shise/kansa/gaibu.html	独自	review_required	needs_confirmation	中核市（義務） 本文に『包括外部監査』 添付44 入口かどうか要確認
46203			unresolved	source_url_unresolved	
46204			unresolved	source_url_unresolved	
46206			unresolved	source_url_unresolved	
46208			unresolved	source_url_unresolved	
46210			unresolved	source_url_unresolved	
46213			unresolved	source_url_unresolved	
46214			unresolved	source_url_unresolved	
46215			unresolved	source_url_unresolved	
46216			unresolved	source_url_unresolved	
46217			unresolved	source_url_unresolved	
46218			unresolved	source_url_unresolved	
46219			unresolved	source_url_unresolved	
46220			unresolved	source_url_unresolved	
46221			unresolved	source_url_unresolved	
46222			unresolved	source_url_unresolved	
46223			unresolved	source_url_unresolved	
46224			unresolved	source_url_unresolved	
46225			unresolved	source_url_unresolved	
46303			unresolved	source_url_unresolved	
46304			unresolved	source_url_unresolved	
46392			unresolved	source_url_unresolved	
46404			unresolved	source_url_unresolved	
46452			unresolved	source_url_unresolved	
46468			unresolved	source_url_unresolved	
46482			unresolved	source_url_unresolved	
46490			unresolved	source_url_unresolved	
46491			unresolved	source_url_unresolved	
46492			unresolved	source_url_unresolved	
46501			unresolved	source_url_unresolved	
46502			unresolved	source_url_unresolved	
46505			unresolved	source_url_unresolved	
46523			unresolved	source_url_unresolved	
46524			unresolved	source_url_unresolved	
46525			unresolved	source_url_unresolved	
46527			unresolved	source_url_unresolved	
46529			unresolved	source_url_unresolved	
46530			unresolved	source_url_unresolved	
46531			unresolved	source_url_unresolved	
46532			unresolved	source_url_unresolved	
46533			unresolved	source_url_unresolved	
46534			unresolved	source_url_unresolved	
46535			unresolved	source_url_unresolved	
47000	https://www.pref.okinawa.lg.jp/kensei/yosan/1015314/1015331/1015332.html	独自	enabled		都道府県（義務） リンク文字『包括外部監査』 添付0
47201	https://www.city.naha.okinawa.jp/admin/kansa/1004654/1008619.html	独自	enabled		中核市（義務） リンク文字『包括外部監査』 添付0
47205			unresolved	source_url_unresolved	
47207			unresolved	source_url_unresolved	
47208			unresolved	source_url_unresolved	
47209			unresolved	source_url_unresolved	
47210			unresolved	source_url_unresolved	
47211			unresolved	source_url_unresolved	
47212			unresolved	source_url_unresolved	
47213			unresolved	source_url_unresolved	
47214			unresolved	source_url_unresolved	
47215			unresolved	source_url_unresolved	
47301			unresolved	source_url_unresolved	
47302			unresolved	source_url_unresolved	
47303			unresolved	source_url_unresolved	
47306			unresolved	source_url_unresolved	
47308			unresolved	source_url_unresolved	
47311			unresolved	source_url_unresolved	
47313			unresolved	source_url_unresolved	
47314			unresolved	source_url_unresolved	
47315			unresolved	source_url_unresolved	
47324			unresolved	source_url_unresolved	
47325			unresolved	source_url_unresolved	
47326			unresolved	source_url_unresolved	
47327			unresolved	source_url_unresolved	
47328			unresolved	source_url_unresolved	
47329			unresolved	source_url_unresolved	
47348			unresolved	source_url_unresolved	
47350			unresolved	source_url_unresolved	
47353			unresolved	source_url_unresolved	
47354			unresolved	source_url_unresolved	
47355			unresolved	source_url_unresolved	
47356			unresolved	source_url_unresolved	
47357			unresolved	source_url_unresolved	
47358			unresolved	source_url_unresolved	
47359			unresolved	source_url_unresolved	
47360			unresolved	source_url_unresolved	
47361			unresolved	source_url_unresolved	
47362			unresolved	source_url_unresolved	
47375			unresolved	source_url_unresolved	
47381			unresolved	source_url_unresolved	
47382			unresolved	source_url_unresolved	
